[
  {
    "id": "5c14da904119ba9c77c1c2c7",
    "title": "Et nostrud magna aliquip nulla pariatur magna consequat incididunt duis anim qui.",
    "poster": "https://picsum.photos/300/300/?random&21",
    "rating": 10,
    "generes": "Action",
    "description": "Culpa et magna tempor qui enim incididunt sunt laborum aliquip ut sunt ipsum adipisicing sit. Fugiat culpa mollit qui nulla ipsum labore enim do aliquip dolore sit labore esse ipsum. Lorem excepteur enim laborum duis consectetur adipisicing. Non laborum proident excepteur dolor occaecat velit enim do nostrud.\r\n"
  },
  {
    "id": "5c14da90b54916865b2acf32",
    "title": "Voluptate occaecat ad ad et adipisicing fugiat aliquip tempor commodo duis.",
    "poster": "https://picsum.photos/300/300/?random&193",
    "rating": 4,
    "generes": "Action",
    "description": "Amet sit quis in commodo aliquip. Minim fugiat qui nulla aliquip aute magna. Nulla in qui elit elit labore nisi reprehenderit nulla tempor labore deserunt. Nulla enim nulla laborum ullamco excepteur duis et eiusmod.\r\n"
  },
  {
    "id": "5c14da903ff838081cc4bfec",
    "title": "Irure Lorem irure qui sit elit ullamco qui veniam ex officia.",
    "poster": "https://picsum.photos/300/300/?random&99",
    "rating": 7,
    "generes": "Adventure",
    "description": "Nostrud ea culpa velit Lorem enim tempor proident exercitation amet ex amet cupidatat. Excepteur occaecat duis consectetur sunt in veniam sit excepteur ex ad et aliquip et. Esse duis quis voluptate irure eiusmod incididunt eiusmod.\r\n"
  },
  {
    "id": "5c14da903c535a366758415b",
    "title": "Magna aliqua aute excepteur minim nostrud ea voluptate nulla minim culpa labore cupidatat.",
    "poster": "https://picsum.photos/300/300/?random&47",
    "rating": 3,
    "generes": "Comedy",
    "description": "Sit in exercitation consequat nisi aute duis Lorem eu amet voluptate Lorem mollit ullamco esse. Tempor anim ullamco elit ut aute laboris. Aliquip ex consectetur occaecat exercitation deserunt excepteur dolore minim ut pariatur. Occaecat consequat exercitation eiusmod tempor voluptate irure laborum velit duis fugiat velit proident. Commodo exercitation fugiat voluptate Lorem pariatur voluptate. Sint et deserunt eiusmod ipsum nisi elit adipisicing non amet.\r\n"
  },
  {
    "id": "5c14da90618eaa27d2f2864e",
    "title": "Non duis labore occaecat incididunt.",
    "poster": "https://picsum.photos/300/300/?random&14",
    "rating": 7,
    "generes": "Adventure",
    "description": "Elit commodo nisi excepteur sunt. Irure deserunt dolore ex ex consequat nisi cillum tempor officia ut id. Ipsum officia voluptate eiusmod labore reprehenderit esse dolore sunt sint. Veniam et amet ut id aute. Nulla pariatur laboris tempor exercitation ex veniam nostrud ullamco proident aute dolore est.\r\n"
  },
  {
    "id": "5c14da90c745050453a5dc5f",
    "title": "Elit est pariatur magna consectetur excepteur qui Lorem adipisicing nulla voluptate irure.",
    "poster": "https://picsum.photos/300/300/?random&5",
    "rating": 0,
    "generes": "Action",
    "description": "Nisi Lorem nulla elit fugiat ea commodo aliquip tempor magna adipisicing aute qui. Anim irure excepteur nulla officia esse labore nostrud commodo sint laboris Lorem nulla proident occaecat. Labore sint aliqua cupidatat voluptate id ut non laboris id dolore minim. Aliqua non nisi amet non aliquip magna cupidatat laboris ea aute consectetur dolore tempor anim. Ea et mollit culpa magna.\r\n"
  },
  {
    "id": "5c14da90b05916c046f84d6a",
    "title": "Elit consequat occaecat proident eiusmod minim reprehenderit nulla eiusmod do ipsum.",
    "poster": "https://picsum.photos/300/300/?random&42",
    "rating": 3,
    "generes": "Comedy",
    "description": "Irure culpa amet ex qui in. Tempor ullamco sit non enim cillum adipisicing deserunt consectetur. Fugiat eiusmod sit Lorem velit incididunt commodo ipsum id dolor officia enim. Nisi anim consequat dolore magna excepteur. Et consequat proident dolore velit voluptate consectetur velit in exercitation sunt.\r\n"
  },
  {
    "id": "5c14da90e63b85035154872c",
    "title": "Ullamco nisi qui incididunt ad occaecat laborum anim.",
    "poster": "https://picsum.photos/300/300/?random&148",
    "rating": 1,
    "generes": "Action",
    "description": "Culpa minim non mollit incididunt reprehenderit dolore voluptate elit. Officia in mollit veniam ipsum ut sit qui et proident mollit. Commodo qui consectetur excepteur ut. Exercitation irure culpa est ad nostrud ad tempor exercitation id. Duis id duis laborum esse exercitation aute esse nostrud aliqua reprehenderit exercitation esse dolor. Pariatur esse sint magna deserunt magna cupidatat incididunt proident.\r\n"
  },
  {
    "id": "5c14da90dcf6f98755a3dda9",
    "title": "Dolor aliqua ea officia tempor enim reprehenderit.",
    "poster": "https://picsum.photos/300/300/?random&116",
    "rating": 5,
    "generes": "Adventure",
    "description": "Reprehenderit irure non excepteur eu id exercitation sit exercitation. Ea sunt nisi velit et adipisicing amet non reprehenderit. Ipsum ut velit laboris enim.\r\n"
  },
  {
    "id": "5c14da9032ecbf11d87e9aae",
    "title": "Amet reprehenderit officia fugiat quis aliqua.",
    "poster": "https://picsum.photos/300/300/?random&109",
    "rating": 9,
    "generes": "Comedy",
    "description": "Enim tempor aliqua quis commodo sunt tempor. Enim incididunt consequat ex aliqua Lorem consectetur anim laboris do. Quis eu nostrud ea amet do deserunt sit. Nostrud adipisicing ad ad laboris sint cupidatat ea ex et ex exercitation esse voluptate.\r\n"
  },
  {
    "id": "5c14da90f56cc5316842676d",
    "title": "Occaecat laboris sit id labore quis qui.",
    "poster": "https://picsum.photos/300/300/?random&80",
    "rating": 3,
    "generes": "Adventure",
    "description": "Ullamco deserunt incididunt non sit irure eiusmod consequat est qui aliquip consequat pariatur nostrud. Ad est aute reprehenderit commodo id. Incididunt culpa qui qui incididunt adipisicing. Ipsum esse sit minim ullamco culpa eu ad ipsum ullamco id incididunt pariatur amet. Reprehenderit ex exercitation ad et nulla.\r\n"
  },
  {
    "id": "5c14da90de1db23d6e08e996",
    "title": "Deserunt sint aliquip ut dolor mollit ad sunt deserunt incididunt officia irure nostrud minim proident.",
    "poster": "https://picsum.photos/300/300/?random&126",
    "rating": 7,
    "generes": "Adventure",
    "description": "Dolore fugiat voluptate voluptate do voluptate nisi Lorem. Voluptate quis dolor minim cupidatat eu. Occaecat amet et officia in magna ullamco occaecat et voluptate ipsum sunt. In nulla et Lorem mollit et sunt enim deserunt mollit ex dolore Lorem laborum mollit. Irure eu eiusmod culpa consequat velit. Esse ipsum consequat do sint tempor nostrud veniam esse dolore ut. Duis qui irure sunt labore tempor elit sunt nisi fugiat et tempor.\r\n"
  },
  {
    "id": "5c14da90039ef6a61940b4c6",
    "title": "Tempor qui elit non exercitation incididunt eiusmod consequat Lorem ea aliquip.",
    "poster": "https://picsum.photos/300/300/?random&140",
    "rating": 1,
    "generes": "Comedy",
    "description": "Fugiat laboris adipisicing ex consequat eiusmod anim velit culpa sunt mollit et. Non proident consequat commodo occaecat Lorem magna. Ut magna voluptate reprehenderit incididunt ex minim et velit ipsum aliquip magna cillum eu. Cillum cupidatat eiusmod voluptate cupidatat. Occaecat nisi Lorem culpa do anim laborum.\r\n"
  },
  {
    "id": "5c14da90945050c0fb162f69",
    "title": "Id nisi officia voluptate reprehenderit minim elit eu duis in proident in cillum cupidatat eu.",
    "poster": "https://picsum.photos/300/300/?random&11",
    "rating": 7,
    "generes": "Comedy",
    "description": "Mollit eu labore elit nulla enim eiusmod ea non aliquip nulla velit excepteur ea esse. Nisi duis non incididunt qui ipsum aute cupidatat eu reprehenderit aute velit qui nulla. Mollit labore et culpa sint consectetur ea deserunt. Minim eiusmod adipisicing est ex fugiat nostrud adipisicing. Exercitation occaecat esse deserunt amet consectetur ea et mollit cillum in sint aute duis.\r\n"
  },
  {
    "id": "5c14da902089bc75abceeffc",
    "title": "Duis dolore esse ipsum voluptate reprehenderit voluptate et officia proident.",
    "poster": "https://picsum.photos/300/300/?random&97",
    "rating": 9,
    "generes": "Drama",
    "description": "Reprehenderit aliquip voluptate veniam eiusmod dolore quis consequat pariatur culpa aliqua labore duis fugiat. Commodo labore ipsum velit cillum excepteur quis sint est sit ipsum qui occaecat elit. Commodo enim minim labore nulla aute eiusmod qui irure aliquip. Occaecat do qui dolor ex aliqua fugiat ullamco pariatur. Culpa non dolor anim elit aute cupidatat veniam deserunt. Culpa cillum consectetur nulla magna elit et fugiat ad deserunt enim veniam anim mollit ea. Do do adipisicing irure amet ut.\r\n"
  },
  {
    "id": "5c14da902396323d84a95518",
    "title": "Irure pariatur irure culpa exercitation aliquip nisi excepteur ipsum proident id minim culpa magna.",
    "poster": "https://picsum.photos/300/300/?random&6",
    "rating": 10,
    "generes": "Drama",
    "description": "Culpa ut eu cupidatat sint ea nostrud occaecat sint nisi. Ipsum nulla ea laborum aute qui consectetur. Reprehenderit ullamco duis laborum ipsum reprehenderit reprehenderit irure amet nostrud consequat. Amet ea quis excepteur culpa ad do culpa ipsum sunt reprehenderit do et aliquip irure.\r\n"
  },
  {
    "id": "5c14da90554e0c55ff4a5cb2",
    "title": "Amet consequat consequat Lorem occaecat exercitation nostrud proident do minim.",
    "poster": "https://picsum.photos/300/300/?random&101",
    "rating": 7,
    "generes": "Action",
    "description": "Quis id nisi aliquip id ex aliqua nisi elit enim consequat. Reprehenderit dolore laborum aliqua eiusmod sint adipisicing nostrud eu. Ut mollit magna minim irure fugiat aute deserunt. Duis enim veniam laborum fugiat exercitation labore et. Tempor fugiat ut ad minim cillum pariatur enim.\r\n"
  },
  {
    "id": "5c14da90380338ca3f8732c4",
    "title": "Elit tempor esse reprehenderit dolor qui ex incididunt ad qui occaecat.",
    "poster": "https://picsum.photos/300/300/?random&21",
    "rating": 2,
    "generes": "Action",
    "description": "Labore occaecat est pariatur eiusmod sit aliquip tempor velit dolore dolor qui non in. Aute id incididunt veniam nisi voluptate. Ex consequat ut exercitation eu incididunt est. Magna dolor laborum sit laboris. Cillum minim excepteur cillum pariatur amet commodo. Ut velit eu ea incididunt ea. Eiusmod eiusmod ad aliqua tempor velit ex culpa non Lorem enim.\r\n"
  },
  {
    "id": "5c14da90828a751c0fc13e1e",
    "title": "Consequat magna labore pariatur elit nulla eiusmod sit.",
    "poster": "https://picsum.photos/300/300/?random&188",
    "rating": 4,
    "generes": "Adventure",
    "description": "Ut culpa nostrud proident nulla enim qui quis. Commodo non tempor pariatur non voluptate sit sunt. Lorem quis consequat sint voluptate anim. Esse nostrud consequat cillum qui aute eu culpa.\r\n"
  },
  {
    "id": "5c14da903c0e976b75cd8f9e",
    "title": "Nulla excepteur enim do sit.",
    "poster": "https://picsum.photos/300/300/?random&93",
    "rating": 1,
    "generes": "Drama",
    "description": "Ut cupidatat sit velit deserunt fugiat nostrud. Irure amet adipisicing esse pariatur cillum minim dolore excepteur occaecat nisi. Minim duis dolor elit voluptate do exercitation occaecat veniam labore dolore deserunt proident exercitation. Nisi esse ipsum commodo nostrud est sint dolor.\r\n"
  },
  {
    "id": "5c14da900a7859d27c320709",
    "title": "Elit laboris sint nulla eu exercitation do tempor sit ut ipsum irure eiusmod nulla nisi.",
    "poster": "https://picsum.photos/300/300/?random&156",
    "rating": 1,
    "generes": "Adventure",
    "description": "Fugiat ad cillum exercitation esse aute commodo ex sint amet quis cupidatat. Nulla eu reprehenderit culpa pariatur dolore dolore irure quis. Enim ad aliquip est cillum reprehenderit voluptate aliqua sit tempor adipisicing eu occaecat enim occaecat.\r\n"
  },
  {
    "id": "5c14da90817792ea7602ef55",
    "title": "Lorem pariatur duis irure in ad.",
    "poster": "https://picsum.photos/300/300/?random&34",
    "rating": 9,
    "generes": "Action",
    "description": "Pariatur ut in esse quis ullamco. Sint enim consequat aliquip Lorem cillum. Ut sunt proident aliqua qui amet.\r\n"
  },
  {
    "id": "5c14da90d752de5813a9f2c9",
    "title": "Culpa non adipisicing quis esse.",
    "poster": "https://picsum.photos/300/300/?random&15",
    "rating": 8,
    "generes": "Action",
    "description": "Ad culpa excepteur dolor exercitation ea ut adipisicing adipisicing irure adipisicing enim. Aliquip irure tempor ullamco do. Eu minim amet sint magna ullamco eiusmod id. Deserunt et voluptate est eiusmod ipsum do consequat sint.\r\n"
  },
  {
    "id": "5c14da9061beb9b7d5e6864b",
    "title": "Dolor anim ut ex nostrud eiusmod elit aute veniam reprehenderit nulla reprehenderit aute.",
    "poster": "https://picsum.photos/300/300/?random&144",
    "rating": 3,
    "generes": "Drama",
    "description": "Irure veniam sunt et ad est aliqua proident aute ex anim non. Exercitation laboris enim fugiat sit amet ad. Deserunt enim culpa qui exercitation. Occaecat ea non Lorem reprehenderit culpa nisi reprehenderit magna incididunt eu sint sint. Laboris ea esse proident et quis in nisi proident esse sunt in occaecat. Aliqua nostrud adipisicing sint do do ea.\r\n"
  },
  {
    "id": "5c14da90450135dd12f605d2",
    "title": "Eu ipsum consectetur ex reprehenderit irure sit anim ullamco qui duis dolore quis.",
    "poster": "https://picsum.photos/300/300/?random&180",
    "rating": 10,
    "generes": "Comedy",
    "description": "Anim mollit sit ad ad in deserunt in occaecat exercitation eiusmod sit nulla. Irure excepteur proident excepteur excepteur incididunt exercitation id id exercitation deserunt. Nostrud deserunt sint occaecat culpa deserunt do incididunt Lorem. Ad quis commodo est minim commodo Lorem ex. Velit fugiat veniam laboris irure adipisicing sit ex Lorem quis aute nisi occaecat do.\r\n"
  }
]